{"cleared_test": {"accuracy": 0.04228855721393035, "log_loss": -1}, "original_test": {"accuracy": 0.03195930080876598, "log_loss": -1}, "training_time_sec": 0}