{"cleared_test": {"accuracy": 0.6312189054726368, "log_loss": 1.5465381204750241}, "original_test": {"accuracy": 0.7575006522306288, "log_loss": 1.5366650475516124}, "epochs": 12, "training_time_sec": 181.75253319740295}